data,retorno_sp500,retorno_bigtech,vix,taxa_juros_10y
2022-01-04,-0.0006298202522032699,-0.019573942425648114,16.90999984741211,1.6679999828338623
2022-01-05,-0.019583264304501073,-0.040094019921595545,19.729999542236328,1.7050000429153442
2022-01-06,-0.0009642337401809882,-0.003482632781714596,19.610000610351562,1.7330000400543213
2022-01-07,-0.004058441082336512,-0.010220261781312572,18.760000228881836,1.7710000276565552
2022-01-10,-0.0014420705375388979,0.005308053419872047,19.399999618530273,1.7799999713897705
2022-01-11,0.009118286452399373,0.011611245350508961,18.40999984741211,1.746000051498413
2022-01-12,0.0028137920146670695,0.01220359059316556,17.6200008392334,1.725000023841858
2022-01-13,-0.014346029234400533,-0.03761644711118055,20.309999465942383,1.7109999656677246
2022-01-14,0.0008196442695905652,0.013421816711399914,19.190000534057617,1.7719999551773071
2022-01-18,-0.0185591053980085,-0.026200506285322125,22.790000915527344,1.8650000095367432
2022-01-19,-0.009736790941460195,-0.012009904081110913,23.850000381469727,1.8270000219345093
2022-01-20,-0.011098742304330734,-0.009502852750249625,25.59000015258789,1.8329999446868896
2022-01-21,-0.019095995324635427,-0.03670234315294275,28.850000381469727,1.746999979019165
2022-01-24,0.0027679047582695165,0.002114958999378854,29.899999618530273,1.7350000143051147
2022-01-25,-0.012246590556866267,-0.023215566788708845,31.15999984741211,1.7829999923706055
2022-01-26,-0.0014977569258856588,0.007918059382361554,31.959999084472656,1.8480000495910645
2022-01-27,-0.005398635199970923,-0.024207420712012668,30.489999771118164,1.8070000410079956
2022-01-28,0.024055967914736694,0.031299851917669784,27.65999984741211,1.781999945640564
2022-01-31,0.018709826222984446,0.042569232130033975,24.829999923706055,1.781999945640564
2022-02-01,0.006839560348317067,0.004079574021310095,21.959999084472656,1.7999999523162842
2022-02-02,0.009378400448324454,0.008497058738848103,22.09000015258789,1.7660000324249268
2022-02-03,-0.024693471720120656,-0.08387862505914333,24.350000381469727,1.8270000219345093
2022-02-04,0.005143678439863626,0.026354437072835305,23.219999313354492,1.9299999475479126
2022-02-07,-0.003708580927828488,-0.019801199986733044,22.860000610351562,1.9160000085830688
2022-02-08,0.00836611346663433,0.008368236627315014,21.440000534057617,1.9539999961853027
2022-02-09,0.014412842079264784,0.020061202093521083,19.959999084472656,1.9290000200271606
2022-02-10,-0.01828182448505601,-0.023854904146136023,23.90999984741211,2.0309998989105225
2022-02-11,-0.019151682638086528,-0.03539544300425608,27.360000610351562,1.9550000429153442
2022-02-14,-0.0038479907556283146,0.005583079527722337,28.329999923706055,1.996000051498413
2022-02-15,0.015643717646064172,0.02545016185610076,25.700000762939453,2.0450000762939453
2022-02-16,0.0008808197202838003,-0.0014580472457203719,24.290000915527344,2.046999931335449
2022-02-17,-0.021400504136936647,-0.036759896945416405,28.110000610351562,1.972000002861023
2022-02-18,-0.007191961663866342,-0.013836654032053338,27.75,1.9320000410079956
2022-02-22,-0.010194735435016016,-0.017985831229359574,28.809999465942383,1.9479999542236328
2022-02-23,-0.018583735748788438,-0.035532245046008756,31.020000457763672,1.9769999980926514
2022-02-24,0.014846105252724002,0.04240014836231513,30.31999969482422,1.968999981880188
2022-02-25,0.022126080551265786,0.012327595893182304,27.59000015258789,1.9859999418258667
2022-02-28,-0.0024455914631261143,0.018807943203912363,30.149999618530273,1.8389999866485596
2022-03-01,-0.015594467786613053,-0.015446430947755,33.31999969482422,1.7070000171661377
2022-03-02,0.018471046780652183,0.016210043631899044,30.739999771118164,1.8650000095367432
2022-03-03,-0.005268520744245652,-0.02261582909408124,30.479999542236328,1.843999981880188
2022-03-04,-0.007965684543001903,-0.01391850299895602,31.979999542236328,1.7239999771118164
2022-03-07,-0.029962586814416495,-0.04473048633574378,36.45000076293945,1.7510000467300415
2022-03-08,-0.007260043975698096,0.003586362593102255,35.130001068115234,1.871999979019165
2022-03-09,0.025373598122141117,0.04057306725082544,32.45000076293945,1.9479999542236328
2022-03-10,-0.004301049920247209,-0.008896077661854223,30.229999542236328,2.010999917984009
2022-03-11,-0.013046278933238144,-0.02959526338708691,30.75,2.003999948501587
2022-03-14,-0.007448675095533314,-0.022826855285762036,31.770000457763672,2.140000104904175
2022-03-15,0.021182629724144964,0.036363123709665934,29.829999923706055,2.1600000858306885
2022-03-16,0.022136921648393443,0.03893850875146447,26.670000076293945,2.187999963760376
2022-03-17,0.012272205068700267,0.017284834123275847,25.670000076293945,2.191999912261963
2022-03-18,0.011594814411888112,0.02845708905772365,23.8700008392334,2.1480000019073486
2022-03-21,-0.0004347548543014596,0.0008024410665434228,23.530000686645508,2.315000057220459
2022-03-22,0.011240699554074212,0.03410091849073487,22.940000534057617,2.372999906539917
2022-03-23,-0.012348630252495208,-0.00631111057947123,23.56999969482422,2.321000099182129
2022-03-24,0.014242012281618024,0.01894024487297234,21.670000076293945,2.3410000801086426
2022-03-25,0.005053380704237665,0.0015932391706156332,20.809999465942383,2.492000102996826
2022-03-28,0.007119551020042568,0.03021844173241564,19.6299991607666,2.4769999980926514
2022-03-29,0.01218204410139109,0.01316877101044419,18.899999618530273,2.4000000953674316
2022-03-30,-0.006313588999088777,-0.007832128335046389,19.329999923706055,2.3580000400543213
2022-03-31,-0.015776335226881762,-0.018647493993778574,20.559999465942383,2.3269999027252197
2022-04-01,0.0034044209614630277,0.004826101753515473,19.6299991607666,2.377000093460083
2022-04-04,0.008058382532133647,0.033419184112460684,18.56999969482422,2.4119999408721924
2022-04-05,-0.01263115907400537,-0.024944164494440785,21.030000686645508,2.555999994277954
2022-04-06,-0.009764433912479721,-0.03544795349397945,22.100000381469727,2.6089999675750732
2022-04-07,0.004244365552037262,0.0028196170777768093,21.549999237060547,2.6519999504089355
2022-04-08,-0.0026545466755523947,-0.018219349313217264,21.15999984741211,2.7130000591278076
2022-04-11,-0.017021334584696127,-0.03594618291801081,24.3700008392334,2.7799999713897705
2022-04-12,-0.0034233005304522353,-0.0012863747494906144,24.260000228881836,2.7249999046325684
2022-04-13,0.011112603268901934,0.02198167603873753,21.81999969482422,2.687000036239624
2022-04-14,-0.012218480383508163,-0.029265679265418593,22.700000762939453,2.828000068664551
2022-04-18,-0.0002048892724065068,0.007884324602438554,22.170000076293945,2.861999988555908
2022-04-19,0.01593004474938665,0.02276518413494033,21.3700008392334,2.9130001068115234
2022-04-20,-0.0006186664061825758,-0.030333192872880964,20.31999969482422,2.8399999141693115
2022-04-21,-0.014862855551311067,-0.013853630253420447,22.68000030517578,2.9170000553131104
2022-04-22,-0.028132076377366966,-0.02097254331726024,28.209999084472656,2.9059998989105225
2022-04-25,0.0056817651441118085,0.011126812695389064,27.020000457763672,2.8259999752044678
2022-04-26,-0.028550008928597752,-0.06153459989356828,33.52000045776367,2.7720000743865967
2022-04-27,0.0020958490249645954,0.002321187243828824,31.600000381469727,2.818000078201294
2022-04-28,0.024445655340832175,0.047063676420874376,29.989999771118164,2.86299991607666
2022-04-29,-0.03695915978469415,-0.041879557305422185,33.400001525878906,2.88700008392334
2022-05-02,0.005659199293818601,0.02716248392365935,32.34000015258789,2.996000051498413
2022-05-03,0.004825465075359521,0.002055364395910411,29.25,2.9600000381469727
2022-05-04,0.029425221557325833,0.038709023786653425,25.420000076293945,2.9170000553131104
2022-05-05,-0.03630067756409906,-0.06552229547932434,31.200000762939453,3.065999984741211
2022-05-06,-0.00569038441395277,-0.00974556474911847,30.190000534057617,3.122999906539917
2022-05-09,-0.03256151953960419,-0.05237627228203832,34.75,3.0789999961853027
2022-05-10,0.002454881760409255,0.014008517970069558,32.9900016784668,2.993000030517578
2022-05-11,-0.016600232095697796,-0.04801566159181212,32.560001373291016,2.9210000038146973
2022-05-12,-0.0012968049941124407,-0.0075166616070179056,31.770000457763672,2.816999912261963
2022-05-13,0.023589267956869442,0.03921316844789151,28.8700008392334,2.934999942779541
2022-05-16,-0.003954208517722458,-0.017249135121631506,27.469999313354492,2.877000093460083
2022-05-17,0.01996891958146264,0.028665967562193674,26.100000381469727,2.9679999351501465
2022-05-18,-0.041233809291248875,-0.057101597114240246,30.959999084472656,2.885999917984009
2022-05-19,-0.005850864777347809,-0.006192451450710963,29.350000381469727,2.8550000190734863
2022-05-20,0.0001461310919903067,-0.013983056824365294,29.43000030517578,2.7869999408721924
2022-05-23,0.018384995412060758,0.02161326698068616,28.479999542236328,2.8589999675750732
2022-05-24,-0.008153950903558081,-0.042211051625259476,29.450000762939453,2.759999990463257
2022-05-25,0.009406385648931585,0.018924767727831894,28.3700008392334,2.749000072479248
2022-05-26,0.019688166007720866,0.03637273340402662,27.5,2.75600004196167
2022-05-27,0.024441130195822013,0.0400290764097942,25.719999313354492,2.743000030517578
2022-05-31,-0.006294135193666945,0.002196551798611358,26.190000534057617,2.8440001010894775
2022-06-01,-0.007510905041155451,-0.00830458556748343,25.690000534057617,2.930999994277954
2022-06-02,0.018263225415545106,0.03156740166927002,24.719999313354492,2.9130001068115234
2022-06-03,-0.016482405609817057,-0.04384700084800461,24.790000915527344,2.9570000171661377
2022-06-06,0.003132489407036025,0.010587072230827266,25.06999969482422,3.0380001068115234
2022-06-07,0.00947833153171984,0.006271313899804607,24.020000457763672,2.9719998836517334
2022-06-08,-0.010852623040155319,-0.0007357042169824552,23.959999084472656,3.0290000438690186
2022-06-09,-0.02408645766515553,-0.030576077691483013,26.09000015258789,3.0439999103546143
2022-06-10,-0.029542414811409477,-0.04198333666533647,27.75,3.1559998989105225
2022-06-13,-0.03953993199003993,-0.055461474216993344,34.02000045776367,3.365999937057495
2022-06-14,-0.003780818039489633,0.007065386090259793,32.689998626708984,3.4830000400543213
2022-06-15,0.014487058836534478,0.03675685618026385,29.6200008392334,3.3949999809265137
2022-06-16,-0.033052207113840666,-0.0491831574499736,32.95000076293945,3.306999921798706
2022-06-17,0.0021984473410133873,0.01497953050741425,31.1299991607666,3.239000082015991
2022-06-21,0.024182474960671992,0.03232464736190189,30.190000534057617,3.306999921798706
2022-06-22,-0.0013024200953574458,-0.0032087627649591555,28.950000762939453,3.1559998989105225
2022-06-23,0.00948707248555652,0.014300150499056915,29.049999237060547,3.068000078201294
2022-06-24,0.030105539729901033,0.04279067056805821,27.229999542236328,3.125
2022-06-27,-0.0029774998903406716,-0.009216358492228812,26.950000762939453,3.194000005722046
2022-06-28,-0.0203486731494949,-0.04238017310959831,28.360000610351562,3.2060000896453857
2022-06-29,-0.0007119988201726959,0.005317679780691232,28.15999984741211,3.0929999351501465
2022-06-30,-0.008797866246367652,-0.018157413417904486,28.709999084472656,2.9719998836517334
2022-07-01,0.010498511296639174,0.008968326970520038,26.700000762939453,2.8889999389648438
2022-07-05,0.0015828751061934918,0.02803269267372787,27.540000915527344,2.809000015258789
2022-07-06,0.003566795705066178,0.006891750738428577,26.729999542236328,2.9130001068115234
2022-07-07,0.014853723180930391,0.026286295962004682,26.079999923706055,3.007999897003174
2022-07-08,-0.00083061639612735,0.004390346509823827,24.639999389648438,3.1010000705718994
2022-07-11,-0.011594417660525545,-0.03544811792880264,26.170000076293945,2.990999937057495
2022-07-12,-0.00928686849749371,-0.014118855885540205,27.290000915527344,2.9579999446868896
2022-07-13,-0.00446686411181668,0.0015490467816401956,26.81999969482422,2.9040000438690186
2022-07-14,-0.003003138812764307,-0.0002833363571819354,26.399999618530273,2.9600000381469727
2022-07-15,0.01901923165863364,0.016832225368165667,24.229999542236328,2.930000066757202
2022-07-18,-0.008398742485835936,-0.004373444845635331,25.299999237060547,2.9600000381469727
2022-07-19,0.02725351764373082,0.030997882427907915,24.5,3.0190000534057617
2022-07-20,0.0058784939410571665,0.01805672477194807,23.8799991607666,3.0360000133514404
2022-07-21,0.00981306668950467,0.029265846704099163,23.110000610351562,2.9100000858306885
2022-07-22,-0.009376287293813849,-0.025100506123241995,23.030000686645508,2.7829999923706055
2022-07-25,0.001314302973305868,-0.010099539982958382,23.360000610351562,2.819999933242798
2022-07-26,-0.011610342599263359,-0.032240274427621264,24.690000534057617,2.7869999408721924
2022-07-27,0.025820048778629066,0.058704812330898234,23.239999771118164,2.7339999675750732
2022-07-28,0.012060319791912806,0.007486314996523429,22.329999923706055,2.680999994277954
2022-07-29,0.014107775781753557,0.03466099737222803,21.329999923706055,2.6419999599456787
2022-08-01,-0.002827076544916728,-0.002939856901516922,22.84000015258789,2.6059999465942383
2022-08-02,-0.00668468837887098,-0.0015964068475751445,23.93000030517578,2.740999937057495
2022-08-03,0.015517456270090707,0.032083693666708546,21.950000762939453,2.747999906539917
2022-08-04,-0.0007776424495837734,0.006153506285759003,21.440000534057617,2.6760001182556152
2022-08-05,-0.0016270690189191196,-0.022943023833923815,21.149999618530273,2.8399999141693115
2022-08-08,-0.0012383171221209141,-0.00023726217212520278,21.290000915527344,2.765000104904175
2022-08-09,-0.004257744235926498,-0.008325456384874195,21.770000457763672,2.796999931335449
2022-08-10,0.021067158460407496,0.03452144181705205,19.739999771118164,2.7860000133514404
2022-08-11,-0.0007057229222018175,-0.012086039073461268,20.200000762939453,2.888000011444092
2022-08-12,0.017174046951492668,0.026061907194573297,19.530000686645508,2.8489999771118164
2022-08-15,0.003961684056233163,0.010395927280610527,19.950000762939453,2.7909998893737793
2022-08-16,0.0018739228259478625,-0.003238972067850154,19.690000534057617,2.8239998817443848
2022-08-17,-0.007264114867648021,-0.009600169629429696,19.899999618530273,2.8929998874664307
2022-08-18,0.0022669896063847975,-0.0012930823600219383,19.559999465942383,2.880000114440918
2022-08-19,-0.012983928713038868,-0.022758496627869364,20.600000381469727,2.989000082015991
2022-08-22,-0.021632366466494565,-0.027810765101637942,23.799999237060547,3.0369999408721924
2022-08-23,-0.002240370434437464,0.002822221106267795,24.110000610351562,3.053999900817871
2022-08-24,0.002911916698724165,0.0021686404529239903,22.81999969482422,3.1059999465942383
2022-08-25,0.013993241836107048,0.014681649431247402,21.780000686645508,3.0260000228881836
2022-08-26,-0.03426857631703952,-0.040070818019034886,25.559999465942383,3.0350000858306885
2022-08-29,-0.0066886751973248065,-0.011756792888044963,26.209999084472656,3.109999895095825
2022-08-30,-0.011089416492117008,-0.014085385800866993,26.209999084472656,3.109999895095825
2022-08-31,-0.007847738208153028,-0.0021728841940175632,25.8700008392334,3.132999897003174
2022-09-01,0.0029917522671948716,0.004665392774136849,25.559999465942383,3.265000104904175
2022-09-02,-0.010794552570724387,-0.019012551551608515,25.469999313354492,3.193000078201294
2022-09-06,-0.004103464690895143,-0.0038057715614484774,26.90999984741211,3.3399999141693115
2022-09-07,0.018174848666169877,0.021622025095321233,24.639999389648438,3.265000104904175
2022-09-08,0.006588966880442448,0.0052406871046362545,23.610000610351562,3.2920000553131104
2022-09-09,0.01515601498121106,0.02875744755096455,22.790000915527344,3.321000099182129
2022-09-12,0.010528651483995635,0.014166558303691124,23.8700008392334,3.361999988555908
2022-09-13,-0.04419916303197406,-0.06170309639933326,27.270000457763672,3.421999931335449
2022-09-14,0.003381289078844715,0.01194813012708232,26.15999984741211,3.4119999408721924
2022-09-15,-0.011382272168149512,-0.013574950371022076,26.270000457763672,3.4590001106262207
2022-09-16,-0.007208049775663175,-0.007834640074873686,26.299999237060547,3.447999954223633
2022-09-19,0.006833697724705768,0.01162842528346311,25.760000228881836,3.490000009536743
2022-09-20,-0.011336114736600402,-0.005928377153447467,27.15999984741211,3.571000099182129
2022-09-21,-0.01726467409850635,-0.022279930012053004,27.989999771118164,3.509999990463257
2022-09-22,-0.008463293830453985,-0.010791415512760954,27.350000381469727,3.7079999446868896
2022-09-23,-0.017382828767330778,-0.02496635540696402,29.920000076293945,3.697000026702881
2022-09-26,-0.010394360890280502,-0.0028237411114512777,32.2599983215332,3.878000020980835
2022-09-27,-0.0021226109548247284,0.0037470015310696564,32.599998474121094,3.9639999866485596
2022-09-28,0.019481144181152356,0.020677066627079535,30.18000030517578,3.7049999237060547
2022-09-29,-0.0213527948230975,-0.040776567981848214,31.84000015258789,3.746999979019165
2022-09-30,-0.0151813515462093,-0.016133642605229117,31.6200008392334,3.803999900817871
2022-10-03,0.02555457753093017,-0.0005729423748812809,30.100000381469727,3.6510000228881836
2022-10-04,0.030125341416799834,0.02923324809369524,29.06999969482422,3.617000102996826
2022-10-05,-0.0020199875589381176,-0.009454472028027959,28.549999237060547,3.759000062942505
2022-10-06,-0.010297922911395202,-0.006641043701136584,30.520000457763672,3.8259999752044678
2022-10-07,-0.028403196531478058,-0.04903730877039641,31.360000610351562,3.882999897003174
2022-10-10,-0.007520673133652772,-0.006763707934956521,32.45000076293945,3.888000011444092
2022-10-11,-0.006540518412323781,-0.02042069173629945,33.630001068115234,3.938999891281128
2022-10-12,-0.0032961996501662937,0.0004346469086529607,33.56999969482422,3.9019999504089355
2022-10-13,0.025634259307631132,0.023340744253452853,31.940000534057617,3.9519999027252197
2022-10-14,-0.023947120744528417,-0.04216856566190894,32.02000045776367,4.010000228881836
2022-10-17,0.026135524557561848,0.04894528457223364,31.3700008392334,4.014999866485596
2022-10-18,0.011362768207087462,0.005617715338099046,30.5,3.997999906539917
2022-10-19,-0.006694455239684375,-0.0019868888251244887,30.760000228881836,4.126999855041504
2022-10-20,-0.007982686738766696,-0.017153167815001875,29.979999542236328,4.22599983215332
2022-10-21,0.023447759860447268,0.022070340547146832,29.690000534057617,4.2129998207092285
2022-10-24,0.011811940205111494,0.006013094232160356,29.850000381469727,4.234000205993652
2022-10-25,0.01613577001587496,0.02933717830649981,28.459999084472656,4.107999801635742
2022-10-26,-0.007415140398989885,-0.042634023419848496,27.280000686645508,4.014999866485596
2022-10-27,-0.006101185053184453,-0.04743123203869974,27.389999389648438,3.937000036239624
2022-10-28,0.024328036770856338,0.024330480091935162,25.75,4.010000228881836
2022-10-31,-0.007482327030336412,-0.017422354201205564,25.8799991607666,4.077000141143799
2022-11-01,-0.0041096637203590055,-0.015103807936739579,25.809999465942383,4.052000045776367
2022-11-02,-0.025319843737482882,-0.04499304107451976,25.860000610351562,4.059000015258789
2022-11-03,-0.010642422531956597,-0.022567685539247085,25.299999237060547,4.124000072479248
2022-11-04,0.013526823285563951,0.007899561210418937,24.549999237060547,4.156000137329102
2022-11-07,0.00956806167935914,0.005346589973929919,24.350000381469727,4.214000225067139
2022-11-08,0.005582282828760321,-0.005029289021135244,25.540000915527344,4.125999927520752
2022-11-09,-0.020996784712303443,-0.028056627639707787,26.09000015258789,4.151000022888184
2022-11-10,0.05395251566479769,0.08495974238856785,23.530000686645508,3.8289999961853027
2022-11-11,0.009198312304769028,0.022719726906822207,22.520000457763672,3.812999963760376
2022-11-14,-0.008975940544918012,-0.015088589638903804,23.729999542236328,3.865000009536743
2022-11-15,0.008675376414669186,0.013346336561727625,24.540000915527344,3.7990000247955322
2022-11-16,-0.008286283111873759,-0.015714102924955647,24.110000610351562,3.691999912261963
2022-11-17,-0.0030941046442292835,-0.007397550689069103,23.93000030517578,3.7750000953674316
2022-11-18,0.00474729564815821,-0.004685308337604405,23.1200008392334,3.818000078201294
2022-11-21,-0.003891249800275618,-0.023171406999097845,22.360000610351562,3.825000047683716
2022-11-22,0.01348860626982839,0.013331810760966525,21.290000915527344,3.757999897003174
2022-11-23,0.0058972660417383116,0.02327637641864465,20.350000381469727,3.7060000896453857
2022-11-25,-0.0002830842622024787,-0.006856100132727626,20.5,3.690999984741211
2022-11-28,-0.015564696794064813,-0.01500940364602781,22.209999084472656,3.703000068664551
2022-11-29,-0.0015931337016243704,-0.009605208523213777,21.889999389648438,3.747999906539917
2022-11-30,0.030478643521294944,0.06147383608154187,20.579999923706055,3.703000068664551
2022-12-01,-0.0008680098296065889,0.001477819805693208,19.84000015258789,3.5290000438690186
2022-12-02,-0.001195374663761461,0.0009736841834977195,19.059999465942383,3.50600004196167
2022-12-05,-0.01805624963097222,-0.025744161455381793,20.75,3.5989999771118164
2022-12-06,-0.014503869422986057,-0.028477068441484482,22.170000076293945,3.513000011444092
2022-12-07,-0.001864107253381664,-0.01179943830878138,22.68000030517578,3.4079999923706055
2022-12-08,0.007493634413933237,0.008329048369716784,22.290000915527344,3.490999937057495
2022-12-09,-0.0073767194642132125,0.0017969171537229774,22.829999923706055,3.566999912261963
2022-12-12,0.01417830729965003,-0.0002344773443372953,25.0,3.6110000610351562
2022-12-13,0.007263223255457212,0.010180173858683516,22.549999237060547,3.500999927520752
2022-12-14,-0.006071116623835963,-0.007350509493579946,21.139999389648438,3.503000020980835
2022-12-15,-0.02523747790182607,-0.03145478539217638,22.829999923706055,3.450000047683716
2022-12-16,-0.011200239946011676,-0.013954134266632001,22.6200008392334,3.4820001125335693
2022-12-19,-0.0090483289411038,-0.02000797790773526,22.420000076293945,3.5810000896453857
2022-12-20,0.001036800697890769,-0.008647143408770928,21.479999542236328,3.684000015258789
2022-12-21,0.014758548669054294,0.013092402422110981,20.06999969482422,3.684000015258789
2022-12-22,-0.014557142498145655,-0.03696537177280359,21.969999313354492,3.6689999103546143
2022-12-23,0.005850952271915072,0.0021623979830517333,20.8700008392334,3.750999927520752
2022-12-27,-0.004057844034659477,-0.02978965019198498,21.649999618530273,3.859999895095825
2022-12-28,-0.012093470442948605,-0.008467968521961773,22.139999389648438,3.88700008392334
2022-12-29,0.01731063431499432,0.03737855950644734,21.440000534057617,3.8350000381469727
2022-12-30,-0.002543975646110833,0.0002705636990880061,21.670000076293945,3.878999948501587
2023-01-03,-0.004008572481273608,-0.01562846627620732,22.899999618530273,3.7929999828338623
2023-01-04,0.007510694562138916,-0.002180532076637558,22.010000228881836,3.7090001106262207
2023-01-05,-0.011713869136457158,-0.02085608692644443,22.459999084472656,3.7200000286102295
2023-01-06,0.02258383558903089,0.022888651654617412,21.1299991607666,3.569000005722046
2023-01-09,-0.0007679273259905782,0.014939525215759673,21.969999313354492,3.5169999599456787
2023-01-10,0.006953997970593733,0.010194237640941628,20.579999923706055,3.621000051498413
2023-01-11,0.012767571192293676,0.027533843002922255,21.09000015258789,3.553999900817871
2023-01-12,0.0034100849120427303,0.008614599404107613,18.829999923706055,3.4489998817443848
2023-01-13,0.003988892144656051,0.00652653308758959,18.350000381469727,3.510999917984009
2023-01-17,-0.002032555430996314,0.009573752775757984,19.360000610351562,3.5350000858306885
2023-01-18,-0.01568496697774467,-0.013502386153725019,20.34000015258789,3.375
2023-01-19,-0.007667671901812428,-0.00313205661824662,20.520000457763672,3.3970000743865967
2023-01-20,0.01874167355235196,0.035416164317971996,19.850000381469727,3.4839999675750732
2023-01-23,0.011811315951328555,0.026922228750609768,19.809999465942383,3.5250000953674316
2023-01-24,-0.0007117563642918193,-0.002608713839163957,19.200000762939453,3.4690001010894775
2023-01-25,-0.00018174157346566321,-0.005328600787018798,19.079999923706055,3.4619998931884766
2023-01-26,0.010947708029114303,0.04061911273479883,18.729999542236328,3.493000030517578
2023-01-27,0.002491734021703855,0.03272132011091433,18.510000228881836,3.5179998874664307
2023-01-30,-0.013053569315292663,-0.03176134465518476,19.940000534057617,3.5510001182556152
2023-01-31,0.014536304416419527,0.021380266144646543,19.399999618530273,3.5290000438690186
2023-02-01,0.01039805629688473,0.024902112554747488,17.8700008392334,3.3970000743865967
2023-02-02,0.014592384626854379,0.07791782952612891,18.729999542236328,3.3959999084472656
2023-02-03,-0.010408592637285455,-0.01533793605792896,18.329999923706055,3.5320000648498535
2023-02-06,-0.006159393193939262,-0.002919511627003405,19.43000030517578,3.634000062942505
2023-02-07,0.012790364037397075,0.02634556980744149,18.65999984741211,3.6740000247955322
2023-02-08,-0.011142573012411353,-0.016554447365052908,19.6299991607666,3.6530001163482666
2023-02-09,-0.008869009831037385,-0.009173088872624434,20.709999084472656,3.683000087738037
2023-02-10,0.0021928557092171274,-0.016297977109574556,20.530000686645508,3.74399995803833
2023-02-13,0.011383569951155146,0.016511429667832297,20.34000015258789,3.7170000076293945
2023-02-14,-0.0002804538554937624,0.01647230684496554,18.90999984741211,3.760999917984009
2023-02-15,0.002769337533076689,0.0061191378639584675,18.229999542236328,3.809000015258789
2023-02-16,-0.013884689204881605,-0.03020956531808077,20.170000076293945,3.8429999351501465
2023-02-17,-0.0027712421722827342,-0.0010157596856951272,20.020000457763672,3.828000068664551
2023-02-21,-0.020244783973471698,-0.02728829090743721,22.8700008392334,3.9549999237060547
2023-02-22,-0.0015747954856433837,0.0031238819217593947,22.290000915527344,3.9230000972747803
2023-02-23,0.005315278263237728,0.008380438365551924,21.139999389648438,3.878999948501587
2023-02-24,-0.010593464619774184,-0.019949875951528858,21.670000076293945,3.9489998817443848
2023-02-27,0.0030682925395522777,0.01389410900269087,20.950000762939453,3.921999931335449
2023-02-28,-0.0030406198309477117,0.0027549515719638385,20.700000762939453,3.9159998893737793
2023-03-01,-0.004736464203492832,-0.012233453418493506,20.579999923706055,3.99399995803833
2023-03-02,0.0075535937311959735,-0.002906517469962565,19.59000015258789,4.072999954223633
2023-03-03,0.01601874917648306,0.032532376647107494,18.489999771118164,3.9639999866485596
2023-03-06,0.0006869307788483012,6.104222832246405e-05,18.610000610351562,3.9830000400543213
2023-03-07,-0.015445590479262547,-0.013205364344281,19.59000015258789,3.9749999046325684
2023-03-08,0.0014137941356032722,-0.0027417019718420596,19.110000610351562,3.9760000705718994
2023-03-09,-0.018631857945482354,-0.020845648244222532,22.610000610351562,3.924999952316284
2023-03-10,-0.01458396943606664,-0.011574622921313952,24.799999237060547,3.694999933242798
2023-03-13,-0.001510901840738768,0.012389662140555355,26.520000457763672,3.515000104904175
2023-03-14,0.016342388235363665,0.03812464428242706,23.729999542236328,3.638000011444092
2023-03-15,-0.007005363929353597,0.009555265700994351,26.139999389648438,3.492000102996826
2023-03-16,0.017409576249031722,0.03288932715229338,22.989999771118164,3.5850000381469727
2023-03-17,-0.011080621273953702,-0.009983886788735439,25.510000228881836,3.3949999809265137
2023-03-20,0.008878869635940853,-0.000674529038833908,24.149999618530273,3.4809999465942383
2023-03-21,0.012898647518559103,0.028071978384370217,21.3799991607666,3.6059999465942383
2023-03-22,-0.016600248639842885,-0.01410799738432873,22.260000228881836,3.5
2023-03-23,0.0029800838691824228,0.014171871836931926,22.610000610351562,3.4059998989105225
2023-03-24,0.005623963084303207,0.0027945441688143786,21.739999771118164,3.380000114440918
2023-03-27,0.0016455995637670831,-0.010492988882659532,20.600000381469727,3.5280001163482666
2023-03-28,-0.0015750832883878866,-0.008487395196894919,19.969999313354492,3.563999891281128
2023-03-29,0.014136870775046802,0.020547998345479147,19.1200008392334,3.565999984741211
2023-03-30,0.005698999199482652,0.009939007501000345,19.020000457763672,3.5510001182556152
2023-03-31,0.014333327782036555,0.025460417445404955,18.700000762939453,3.49399995803833
2023-04-03,0.003692022565802823,-0.010142984116129563,18.549999237060547,3.430000066757202
2023-04-04,-0.005813839745162529,0.0002673046516267748,19.0,3.3369998931884766
2023-04-05,-0.002495481657121423,-0.017188178217542805,19.079999923706055,3.2869999408721924
2023-04-06,0.0035727731328032467,0.01603666573782308,18.399999618530273,3.2880001068115234
2023-04-10,0.0009958070170100843,-0.00734520534903458,18.969999313354492,3.4149999618530273
2023-04-11,-4.135333298352082e-05,-0.009256391624949399,19.100000381469727,3.434000015258789
2023-04-12,-0.0041434563234613855,-0.0089568070429841,19.09000015258789,3.4210000038146973
2023-04-13,0.013175510497831548,0.028553767149854564,17.799999237060547,3.4519999027252197
2023-04-14,-0.0020715175845779886,-0.001718691941496019,17.06999969482422,3.5220000743865967
2023-04-17,0.0033007035826147536,-0.0002508240168048797,16.950000762939453,3.5910000801086426
2023-04-18,0.0008548548034659753,-0.0037732002534986136,16.829999923706055,3.572000026702881
2023-04-19,-8.426554793962826e-05,-0.0024594264126809426,16.459999084472656,3.6019999980926514
2023-04-20,-0.005970335188311131,-0.021563386072092856,17.170000076293945,3.5450000762939453
2023-04-21,0.0009027812573008861,0.0031295271234910655,16.770000457763672,3.569999933242798
2023-04-24,0.0008512167782723126,-0.006137424343316421,16.889999389648438,3.515000104904175
2023-04-25,-0.01593718381857645,-0.020523336860841283,18.760000228881836,3.3959999084472656
2023-04-26,-0.0038485835033448754,0.017510892996425418,18.84000015258789,3.431999921798706
2023-04-27,0.019377193402696356,0.05487390064111259,17.030000686645508,3.5280001163482666
2023-04-28,0.008219331313243467,0.005016256214521458,15.779999732971191,3.4519999027252197
2023-05-01,-0.0003861810485107871,-0.0032971107782057314,16.079999923706055,3.5739998817443848
2023-05-02,-0.011653906680571788,-0.006839611055652703,17.780000686645508,3.438999891281128
2023-05-03,-0.007022908054892971,-0.0038702703501851286,18.34000015258789,3.4030001163482666
2023-05-04,-0.007244913455062742,-0.00376349828426831,20.09000015258789,3.3510000705718994
2023-05-05,0.018306166381879797,0.02247316488181591,17.190000534057617,3.446000099182129
2023-05-08,0.0004520264848820656,0.0027276979852781996,16.979999542236328,3.5209999084472656
2023-05-09,-0.004589938949059595,-0.00541524933095269,17.709999084472656,3.5209999084472656
2023-05-10,0.004473942241914432,0.012887285211863244,16.940000534057617,3.438999891281128
2023-05-11,-0.0016980648897067581,0.009586223199452754,16.93000030517578,3.3970000743865967
2023-05-12,-0.0015845615894390477,-0.008196492320120097,17.030000686645508,3.4630000591278076
2023-05-15,0.002953797680316935,0.0035412199747843695,17.1200008392334,3.507999897003174
2023-05-16,-0.006398107681917463,0.006902160182682925,17.989999771118164,3.5490000247955322
2023-05-17,0.011820688622071574,0.016485041198241214,16.8700008392334,3.5810000896453857
2023-05-18,0.009400723063727155,0.017336974931980255,16.049999237060547,3.6480000019073486
2023-05-19,-0.0014469138806754414,-0.00029938412815385903,16.809999465942383,3.691999912261963
2023-05-22,0.00015502267980239146,0.01210248708346727,17.209999084472656,3.7190001010894775
2023-05-23,-0.011285468768284297,-0.013538743771828475,18.530000686645508,3.697999954223633
2023-05-24,-0.007345512678305211,-0.0012756035853964173,20.030000686645508,3.7190001010894775
2023-05-25,0.008719456079011883,0.02280201585282834,19.139999389648438,3.813999891281128
2023-05-26,0.012964680931640788,0.02833027211333271,17.950000762939453,3.809999942779541
2023-05-30,1.660313066576836e-05,0.008539075253241107,17.459999084472656,3.700000047683716
2023-05-31,-0.006127358186214099,-0.0015269902141611586,17.940000534057617,3.63700008392334
2023-06-01,0.009806215085853812,0.018595418890886128,15.649999618530273,3.6080000400543213
2023-06-02,0.014429812390107408,0.009510390859378888,14.600000381469727,3.690999984741211
2023-06-05,-0.002005591490657713,0.0030208814034165758,14.729999542236328,3.693000078201294
2023-06-06,0.002351130233850576,0.0023183793247927775,13.960000038146973,3.6989998817443848
2023-06-07,-0.003819293926420617,-0.0210449872002336,13.9399995803833,3.7839999198913574
2023-06-08,0.00616957160752325,0.015498469091225214,13.649999618530273,3.7139999866485596
2023-06-09,0.0011474010230505239,0.00892505825492458,13.829999923706055,3.744999885559082
2023-06-12,0.00927797498175416,0.018815296084997556,15.010000228881836,3.765000104904175
2023-06-13,0.006908570725908898,0.009848255184802705,14.609999656677246,3.8389999866485596
2023-06-14,0.0008190899801265841,0.004032556523802714,13.880000114440918,3.7960000038146973
2023-06-15,0.012104580493589997,0.01639299116209621,14.5,3.7279999256134033
2023-06-16,-0.0036783764677510893,-0.004408517552521101,13.539999961853027,3.7690000534057617
2023-06-20,-0.004746353835236048,0.010634807294452977,13.880000114440918,3.7290000915527344
2023-06-21,-0.005259086366925201,-0.020096425837575767,13.199999809265137,3.7230000495910645
2023-06-22,0.0037039303873345254,0.01879014213361678,12.90999984741211,3.7990000247955322
2023-06-23,-0.007688288056502158,-0.00841016574353462,13.4399995803833,3.739000082015991
2023-06-26,-0.004496934363132171,-0.030670303006021877,14.25,3.7190001010894775
2023-06-27,0.01139073352418076,0.02226237400725162,13.739999771118164,3.7679998874664307
2023-06-28,-0.0003541393883898215,0.005762372117217421,13.430000305175781,3.7100000381469727
2023-06-29,0.00446356811449,-0.004023205357429797,13.539999961853027,3.8540000915527344
2023-06-30,0.0121943502618858,0.017714172742462852,13.59000015258789,3.819000005722046
2023-07-03,0.0011699930926736418,0.010080208216876005,13.569999694824219,3.8580000400543213
2023-07-05,-0.0019702580976127164,0.00866938877305812,14.180000305175781,3.944999933242798
2023-07-06,-0.007954061175894762,-0.00616173561315203,15.4399995803833,4.040999889373779
2023-07-07,-0.002869212795733482,-0.005396477277429882,14.829999923706055,4.050000190734863
2023-07-10,0.002402138610626312,-0.010602331365966085,15.069999694824219,4.00600004196167
2023-07-11,0.006719583998254874,0.005162517636700521,14.84000015258789,3.9800000190734863
2023-07-12,0.007383905235389679,0.018042828692925263,13.539999961853027,3.8610000610351562
2023-07-13,0.008434482989627111,0.01944934463736453,13.609999656677246,3.760999917984009
2023-07-14,-0.001024932196907484,0.0017378491716728813,13.34000015258789,3.819000005722046
2023-07-17,0.0038479695744204137,0.009607735304375833,13.479999542236328,3.796999931335449
2023-07-18,0.007092066941428338,0.011967318857253845,13.300000190734863,3.7890000343322754
2023-07-19,0.002355134827233639,-0.0004337812961391456,13.760000228881836,3.742000102996826
2023-07-20,-0.006779827396257691,-0.04287410832048061,13.989999771118164,3.8540000915527344
2023-07-21,0.0003240420146130911,-0.011287008196396046,13.600000381469727,3.8369998931884766
2023-07-24,0.004026038496874852,0.006736059558593809,13.90999984741211,3.8570001125335693
2023-07-25,0.0028107195758387046,0.005660583368260454,13.859999656677246,3.9119999408721924
2023-07-26,-0.00015545097867591856,-0.0019353926915708828,13.1899995803833,3.8510000705718994
2023-07-27,-0.006445393055197076,-0.001873844873340011,14.40999984741211,4.01200008392334
2023-07-28,0.009829375810433848,0.03028975200345957,13.329999923706055,3.9690001010894775
2023-07-31,0.0014676354365687912,-0.00419760768226056,13.630000114440918,3.9590001106262207
2023-08-01,-0.0026686453076827116,-0.00419999433199654,13.930000305175781,4.051000118255615
2023-08-02,-0.013936200638336184,-0.02565968805443824,16.09000015258789,4.078000068664551
2023-08-03,-0.0025512254502915274,0.0021404516729607113,15.920000076293945,4.189000129699707
2023-08-04,-0.0053141693739379705,-0.0033905795394797195,17.100000381469727,4.059999942779541
2023-08-07,0.008983618964856572,0.006879726959242832,15.770000457763672,4.078000068664551
2023-08-08,-0.004227205100058866,-0.00857418947540125,15.989999771118164,4.026000022888184
2023-08-09,-0.007063619102045116,-0.019189149519455054,15.960000038146973,4.01200008392334
2023-08-10,0.00025068252108086326,0.0035092226735023283,15.850000381469727,4.079999923706055
2023-08-11,-0.0010702648992294865,-0.0076970402722522134,14.84000015258789,4.168000221252441
2023-08-14,0.005734004879419051,0.009800779983013166,14.819999694824219,4.184000015258789
2023-08-15,-0.011618139396096483,-0.014386760470696947,16.459999084472656,4.2210001945495605
2023-08-16,-0.007584081792624527,-0.015583608395455167,16.780000686645508,4.257999897003174
2023-08-17,-0.0077428113775290805,-0.016447977787776163,17.889999389648438,4.308000087738037
2023-08-18,-0.00014871788395720285,-0.006735667246556259,17.299999237060547,4.250999927520752
2023-08-21,0.006855634859799785,0.027234712877928238,17.1299991607666,4.3420000076293945
2023-08-22,-0.0027813310465456837,0.00044794901077673476,16.969999313354492,4.328000068664551
2023-08-23,0.010984330710791359,0.01845955724533896,15.979999542236328,4.197999954223633
2023-08-24,-0.01354935398400801,-0.024132845666351977,17.200000762939453,4.235000133514404
2023-08-25,0.006695501060295156,0.009855711984213122,15.680000305175781,4.238999843597412
2023-08-28,0.006245078594196461,0.006827271277880213,15.079999923706055,4.211999893188477
2023-08-29,0.014404068712056505,0.031088711694932387,14.449999809265137,4.122000217437744
2023-08-30,0.003825854181192944,0.0019662900592062557,13.880000114440918,4.118000030517578
2023-08-31,-0.0015982129743398576,0.0032704973369662815,13.569999694824219,4.0929999351501465
2023-09-01,0.001797512765518541,-0.00802549637618,13.09000015258789,4.172999858856201
2023-09-05,-0.004202997821381205,0.014304013637187135,14.010000228881836,4.26800012588501
2023-09-06,-0.006996014491432261,-0.012668332485757196,14.449999809265137,4.289999961853027
2023-09-07,-0.003216433115732967,-0.004794814424169314,14.399999618530273,4.260000228881836
2023-09-08,0.0014256060622570594,0.0014790181233798536,13.84000015258789,4.257999897003174
2023-09-11,0.006700951498135517,0.03251860768171075,13.800000190734863,4.288000106811523
2023-09-12,-0.005712169023003997,-0.01770085038590564,14.229999542236328,4.263999938964844
2023-09-13,0.0012408621175346041,0.010751997243300677,13.479999542236328,4.249000072479248
2023-09-14,0.00839458553366625,0.011934689384469534,12.819999694824219,4.288000106811523
2023-09-15,-0.012234145842493929,-0.020366498333817783,13.789999961853027,4.322000026702881
2023-09-18,0.0007210276941755188,-0.003205094127848153,14.0,4.318999767303467
2023-09-19,-0.0021533273615331264,0.001068050382483371,14.109999656677246,4.364999771118164
2023-09-20,-0.009439204206291041,-0.02070030124109769,15.140000343322754,4.348999977111816
2023-09-21,-0.016536918318488084,-0.017743362209147885,17.540000915527344,4.480000019073486
2023-09-22,-0.0022982374027607495,-0.00652453920373252,17.200000762939453,4.438000202178955
2023-09-25,0.0040149942038066174,0.006963307153274703,16.899999618530273,4.541999816894531
2023-09-26,-0.014844165482264943,-0.016735614995624357,18.940000534057617,4.558000087738037
2023-09-27,0.00022928777229479233,-0.0023926949971908515,18.219999313354492,4.625999927520752
2023-09-28,0.005875877143000698,0.01182431311305088,17.34000015258789,4.5970001220703125
2023-09-29,-0.002713259648289315,0.002174613915255677,17.520000457763672,4.572999954223633
2023-10-02,7.936440615299324e-05,0.01741743097946543,17.610000610351562,4.683000087738037
2023-10-03,-0.013839395863449198,-0.021082943368474848,19.780000686645508,4.802000045776367
2023-10-04,0.008077047607828946,0.02369603911742925,18.579999923706055,4.735000133514404
2023-10-05,-0.0013048811469951228,-0.0005972672654612314,18.489999771118164,4.7170000076293945
2023-10-06,0.011745642093961117,0.019752470093050922,17.450000762939453,4.783999919891357
2023-10-09,0.006284068119387409,0.0048522574341879916,17.700000762939453,4.796999931335449
2023-10-10,0.005194476099985354,0.004911317857592354,17.030000686645508,4.65500020980835
2023-10-11,0.004283819500095073,0.011787775213256269,16.09000015258789,4.59499979019165
2023-10-12,-0.006266024940654918,-0.006385762881861899,16.690000534057617,4.711999893188477
2023-10-13,-0.005031495660219892,-0.020113478181568032,19.31999969482422,4.629000186920166
2023-10-16,0.010538642302589985,0.013778281851365343,17.209999084472656,4.711999893188477
2023-10-17,-9.824987944376507e-05,-0.0006484556704771925,17.8799991607666,4.8470001220703125
2023-10-18,-0.013490408251151898,-0.02106147131234305,19.219999313354492,4.9039998054504395
2023-10-19,-0.008519032328057976,-0.018537132896526136,21.399999618530273,4.98799991607666
2023-10-20,-0.012665149196155915,-0.019174499270675608,21.709999084472656,4.923999786376953
2023-10-23,-0.0016869920654349177,0.00914440932044339,20.3700008392334,4.8379998207092285
2023-10-24,0.0072395235196288195,0.007262102051447452,18.969999313354492,4.840000152587891
2023-10-25,-0.014443434657238052,-0.02314796474871074,20.190000534057617,4.953000068664551
2023-10-26,-0.011903081205584871,-0.03203095595484762,20.68000030517578,4.84499979019165
2023-10-27,-0.00481183857862075,0.016928085791295018,21.270000457763672,4.84499979019165
2023-10-30,0.011938474300285915,0.010655573629166536,19.75,4.875
2023-10-31,0.006454084821688244,0.0023252510220757947,18.139999389648438,4.875
2023-11-01,0.010451194990191868,0.025961075434732632,16.8700008392334,4.789000034332275
2023-11-02,0.018682938934086474,0.015800135178327953,15.65999984741211,4.669000148773193
2023-11-03,0.00934988354455146,0.009059138017117692,14.90999984741211,4.558000087738037
2023-11-06,0.0017514577241005862,0.00713007986121879,14.890000343322754,4.6620001792907715
2023-11-07,0.0028360934017119537,0.01178275834350705,14.8100004196167,4.571000099182129
2023-11-08,0.0010044110324198868,0.0038965990278154038,14.449999809265137,4.5229997634887695
2023-11-09,-0.008116690699068705,-0.012046580041198086,15.289999961853027,4.630000114440918
2023-11-10,0.015495759270772258,0.02329897832668091,14.170000076293945,4.627999782562256
2023-11-13,-0.0008361884413700847,0.00280601399712512,14.760000228881836,4.631999969482422
2023-11-14,0.01889537047457725,0.02294217903723421,14.15999984741211,4.440999984741211
2023-11-15,0.0015957382078471765,0.00021033336176772477,14.180000305175781,4.534999847412109
2023-11-16,0.0011897193967137305,0.0021374741546734597,14.319999694824219,4.445000171661377
2023-11-17,0.0012812279371779871,-0.0028020851681653503,13.800000190734863,4.440999984741211
2023-11-20,0.007363103793795633,0.012655257491569327,13.40999984741211,4.421999931335449
2023-11-21,-0.002022975931757968,-0.0029667191443428936,13.350000381469727,4.418000221252441
2023-11-22,0.004052905094313324,0.004207594092934592,12.850000381469727,4.415999889373779
2023-11-24,0.0005966956096450322,-0.004372060379130196,12.460000038146973,4.4720001220703125
2023-11-27,-0.0019560693168983586,-0.00047010990502161084,12.6899995803833,4.388999938964844
2023-11-28,0.0009796385280502918,0.0131665727773428,12.6899995803833,4.335999965667725
2023-11-29,-0.0009466966151019382,-0.011343542947490255,12.979999542236328,4.270999908447266
2023-11-30,0.003776931264994605,-0.008521418751712247,12.920000076293945,4.3520002365112305
2023-12-01,0.005856558953846637,-0.004369140291153836,12.630000114440918,4.22599983215332
2023-12-04,-0.005423188063826943,-0.014720633375250912,13.079999923706055,4.288000106811523
2023-12-05,-0.0005690315939348026,0.009484138171100696,12.850000381469727,4.171000003814697
2023-12-06,-0.003913851944943747,-0.006491848952805778,12.970000267028809,4.120999813079834
2023-12-07,0.007936610684821922,0.018623054794742005,13.0600004196167,4.129000186920166
2023-12-08,0.0040871341465037936,0.007917044295215989,12.350000381469727,4.244999885559082
2023-12-11,0.003916813547781492,-0.014418862791582419,12.630000114440918,4.238999843597412
2023-12-12,0.0045888127956924,0.008738144673282423,12.069999694824219,4.205999851226807
2023-12-13,0.01355834517501981,0.00538342797370207,12.1899995803833,4.0329999923706055
2023-12-14,0.002643565185154432,0.00042588157144181544,12.479999542236328,3.930000066757202
2023-12-15,-7.625240044859478e-05,0.008259659737321377,12.279999732971191,3.927999973297119
2023-12-18,0.004518122263400515,0.011486630560804394,12.5600004196167,3.9539999961853027
2023-12-19,0.005849267450818904,0.008412164536315861,12.529999732971191,3.921999931335449
2023-12-20,-0.014793147965305628,-0.01145004577907749,13.670000076293945,3.877000093460083
2023-12-21,0.010248769307271876,0.013060131254105482,13.649999618530273,3.8940000534057617
2023-12-22,0.0016586821527610754,-0.0014579550741586193,13.029999732971191,3.9010000228881836
2023-12-26,0.004222761046978559,0.0036616797013584394,12.989999771118164,3.885999917984009
2023-12-27,0.0014294356164229985,0.004156490110792931,12.430000305175781,3.7890000343322754
2023-12-28,0.0003701061103271183,-0.003971598797922234,12.470000267028809,3.8499999046325684
2023-12-29,-0.0028304770367338357,-0.007466733147725918,12.449999809265137,3.865999937057495
2024-01-02,-0.005676660799723162,-0.016376476303375923,13.199999809265137,3.946000099182129
2024-01-03,-0.008048618327197648,-0.00991720206516516,14.039999961853027,3.9070000648498535
2024-01-04,-0.003434271663317429,-0.00598379641433543,14.130000114440918,3.990999937057495
2024-01-05,0.0018240216394339805,0.0031622101719690995,13.350000381469727,4.041999816894531
2024-01-08,0.014015945436353141,0.02101243716147234,13.079999923706055,4.001999855041504
2024-01-09,-0.0014789938523175842,-0.0004585255663186366,12.760000228881836,4.019000053405762
2024-01-10,0.005649980650495912,0.01658173687264332,12.6899995803833,4.03000020980835
2024-01-11,-0.0006712808369611647,-0.002940183047580736,12.4399995803833,3.9769999980926514
2024-01-12,0.0007506937530339595,0.0004499127463123624,12.699999809265137,3.950000047683716
2024-01-16,-0.0037383190523568345,-0.004182484151967509,13.84000015258789,4.065999984741211
2024-01-17,-0.005632731271107821,-0.005295742959188743,14.789999961853027,4.105999946594238
2024-01-18,0.008766720726243148,0.012800635469150227,14.130000114440918,4.144000053405762
2024-01-19,0.012238308232548512,0.01466681960892403,13.300000190734863,4.145999908447266
2024-01-22,0.0021919211872316853,-0.003661310519546039,13.1899995803833,4.093999862670898
2024-01-23,0.002917115340764486,0.006433398481756801,12.550000190734863,4.142000198364258
2024-01-24,0.0008115989762168653,0.007198760508642978,13.140000343322754,4.177999973297119
2024-01-25,0.00524657813497798,-0.009673270984355227,13.449999809265137,4.131999969482422
2024-01-26,-0.0006519977554263648,2.2701791375558263e-05,13.260000228881836,4.159999847412109
2024-01-29,0.007528365505246204,0.01585275841328598,13.600000381469727,4.091000080108643
2024-01-30,-0.0006008303969786162,-0.005791552536699118,13.3100004196167,4.059000015258789
2024-01-31,-0.016236851740733683,-0.029292480491427967,14.350000381469727,3.9670000076293945
2024-02-01,0.012416286114049784,0.014104917415971138,13.880000114440918,3.86299991607666
2024-02-02,0.01062777072263312,0.06764516009918228,13.850000381469727,4.0329999923706055
2024-02-05,-0.0031914247092839714,-0.014033158016111706,13.670000076293945,4.164000034332275
2024-02-06,0.0023077459317481074,-0.0005835251104191106,13.0600004196167,4.090000152587891
2024-02-07,0.008207682594008628,0.01888105755178932,12.829999923706055,4.110000133514404
2024-02-08,0.000570420540090595,0.00036885973240639186,12.789999961853027,4.170000076293945
2024-02-09,0.0057259171287955156,0.011871692244155838,12.930000305175781,4.186999797821045
2024-02-12,-0.0009494041426524416,-0.00906854662262208,13.930000305175781,4.171999931335449
2024-02-13,-0.013768609419845444,-0.018408666470236687,15.850000381469727,4.315999984741211
2024-02-14,0.009534168304216807,0.01587173524045878,14.380000114440918,4.267000198364258
2024-02-15,0.00580437267404004,0.008609397317934971,14.010000228881836,4.239999771118164
2024-02-16,-0.0048150435759610425,-0.010764440173619352,14.239999771118164,4.295000076293945
2024-02-20,-0.0060234264658172495,-0.008995676002603498,15.420000076293945,4.275000095367432
2024-02-21,0.0012634014951035982,-0.0006394785211521789,15.34000015258789,4.324999809265137
2024-02-22,0.02090288866640342,0.031239518150059827,14.539999961853027,4.327000141143799
2024-02-23,0.000347887026502183,-0.006039048481663818,13.75,4.260000228881836
2024-02-26,-0.003793939244668484,-0.003022337179811373,13.739999771118164,4.298999786376953
2024-02-27,0.001704895538720964,0.0040869134569377335,13.430000305175781,4.315000057220459
2024-02-28,-0.001659531321112244,-0.003334095400773461,13.84000015258789,4.27400016784668
2024-02-29,0.0052154704557999644,0.01099264662323923,13.399999618530273,4.251999855041504
2024-03-01,0.007975936433387976,0.010172929812461104,13.109999656677246,4.179999828338623
2024-03-04,-0.0011939745749630112,-0.014684187305137191,13.489999771118164,4.218999862670898
2024-03-05,-0.010245406275917994,-0.021697317461157054,14.460000038146973,4.13700008392334
2024-03-06,0.005127932853001643,0.0006728223779103241,14.5,4.104000091552734
2024-03-07,0.010251402284983627,0.02146257604069314,14.4399995803833,4.0920000076293945
2024-03-08,-0.006549922992050337,-0.009733676881489423,14.739999771118164,4.089000225067139
2024-03-11,-0.0011228682680281005,-0.013412838639051992,15.220000267028809,4.104000091552734
2024-03-12,0.011139512586668012,0.022870930178867394,13.84000015258789,4.15500020980835
2024-03-13,-0.0019263840021219723,-0.007775215807887521,13.75,4.191999912261963
2024-03-14,-0.002875221051495188,0.002473627620571038,14.399999618530273,4.297999858856201
2024-03-15,-0.0065040228597376655,-0.013382822394696901,14.40999984741211,4.303999900817871
2024-03-18,0.006298184238480456,0.019721701411713737,14.329999923706055,4.340000152587891
2024-03-19,0.00563325304434312,0.0029696926886076396,13.819999694824219,4.296999931335449
2024-03-20,0.008864765516360184,0.014798303490712292,13.039999961853027,4.2729997634887695
2024-03-21,0.003231309094528888,-0.002143073501634794,12.920000076293945,4.270999908447266
2024-03-22,-0.0014031718343267125,0.0040800162348050084,13.0600004196167,4.2179999351501465
2024-03-25,-0.0030596403820319297,-0.006529591378347377,13.1899995803833,4.252999782562256
2024-03-26,-0.002803721982805726,-0.004453636234607664,13.239999771118164,4.234000205993652
2024-03-27,0.008593595582706042,0.0017876854262873106,12.779999732971191,4.196000099182129
2024-03-28,0.0011158627007616052,-0.008377150281832307,13.010000228881836,4.205999851226807
2024-04-01,-0.0020156145269577246,0.0076223758393608775,13.649999618530273,4.328999996185303
2024-04-02,-0.007265388203672426,-0.005221706483513054,14.609999656677246,4.364999771118164
2024-04-03,0.001090527523337898,0.0074894303925384185,14.329999923706055,4.355000019073486
2024-04-04,-0.01241103561926225,-0.00365450893550825,16.350000381469727,4.309000015258789
2024-04-05,0.011038050135699558,0.016509959199624988,16.030000686645508,4.377999782562256
2024-04-08,-0.0003747011900415767,-8.59050993103445e-05,15.1899995803833,4.423999786376953
2024-04-09,0.0014444494736345207,0.0029097963420315212,14.979999542236328,4.366000175476074
2024-04-10,-0.009501981832212592,-0.0031947662586691164,15.800000190734863,4.559999942779541
2024-04-11,0.007417221983342437,0.01632519233381342,14.90999984741211,4.576000213623047
2024-04-12,-0.014657587802248536,-0.015240957602109037,17.309999465942383,4.499000072479248
2024-04-15,-0.012094195787459195,-0.02412825260434834,19.229999542236328,4.627999782562256
2024-04-16,-0.0020586245275039964,-0.0038816944646018264,18.399999618530273,4.658999919891357
2024-04-17,-0.005797375076004185,-0.0094593178703269,18.209999084472656,4.585000038146973
2024-04-18,-0.0022106017004853043,-0.004292113463069497,18.0,4.646999835968018
2024-04-19,-0.008797129654056974,-0.02806934047058235,18.709999084472656,4.614999771118164
2024-04-22,0.00869335115683908,0.00413958345395237,16.940000534057617,4.623000144958496
2024-04-23,0.01189356656772209,0.019721987763284876,15.6899995803833,4.5980000495910645
2024-04-24,0.00021298737793290078,0.008976033924360768,15.970000267028809,4.6519999504089355
2024-04-25,-0.0045869342701194095,-0.03324963346359961,15.369999885559082,4.705999851226807
2024-04-26,0.010157381332325343,0.021417316960302264,15.029999732971191,4.669000148773193
2024-04-29,0.0031734080766393944,0.00802670206764563,14.670000076293945,4.613999843597412
2024-04-30,-0.015855551118928123,-0.024617067787765196,15.649999618530273,4.685999870300293
2024-05-01,-0.0034413534856316866,0.007627115893998138,15.390000343322754,4.59499979019165
2024-05-02,0.009087024725084856,0.012661595657595972,14.680000305175781,4.571000099182129
2024-05-03,0.012478557659508005,0.021769762548020558,13.489999771118164,4.5
2024-05-06,0.010273173691247842,0.01747594071602098,13.489999771118164,4.488999843597412
2024-05-07,0.0013425282288256131,-0.0036124661156920375,13.229999542236328,4.4629998207092285
2024-05-08,-5.835635193424912e-06,4.400049596834342e-05,13.0,4.492000102996826
2024-05-09,0.005078032639106711,0.0024413299760043658,12.6899995803833,4.448999881744385
2024-05-10,0.001648040080166728,-0.002210618571208949,12.550000190734863,4.504000186920166
2024-05-13,-0.00024133317386520824,-0.001367541558570079,13.600000381469727,4.480999946594238
2024-05-14,0.004826148527454041,0.009576849529584746,13.420000076293945,4.445000171661377
2024-05-15,0.01164782778729962,0.011789868848256741,12.449999809265137,4.355999946594238
2024-05-16,-0.0020838374740880464,-0.006015136343932617,12.420000076293945,4.376999855041504
2024-05-17,0.0011640956878937513,0.0009835095026931584,11.989999771118164,4.420000076293945
2024-05-20,0.0009159703084911664,0.001623577544163148,12.149999618530273,4.436999797821045
2024-05-21,0.0024987497668926086,0.008133842901492883,11.859999656677246,4.414000034332275
2024-05-22,-0.0027097912093521476,-0.002977350709712897,12.289999961853027,4.434000015258789
2024-05-23,-0.007408162283471933,-0.0066215322646321515,12.770000457763672,4.474999904632568
2024-05-24,0.0069766490766732595,0.016299709783124953,11.930000305175781,4.4670000076293945
2024-05-28,0.00024877090688591537,0.005678657035289195,12.920000076293945,4.541999816894531
2024-05-29,-0.007394317215742535,-0.003804734211591266,14.279999732971191,4.624000072479248
2024-05-30,-0.005992957535754186,-0.016636810214144364,14.470000267028809,4.553999900817871
2024-05-31,0.007995824231928897,-0.0016730255001163967,12.920000076293945,4.513999938964844
2024-06-03,0.0011154602235352391,0.010005498026219143,13.109999656677246,4.4019999504089355
2024-06-04,0.0015016810037827531,0.0022674319463954957,13.15999984741211,4.335999965667725
2024-06-05,0.011778015849957281,0.02143153484625919,12.630000114440918,4.289000034332275
2024-06-06,-0.00019983660163685183,0.0025184951307244564,12.579999923706055,4.281000137329102
2024-06-07,-0.0011158420502790662,-0.0014518150846567334,12.220000267028809,4.429999828338623
2024-06-10,0.002577529978240972,0.006070275671506437,12.739999771118164,4.468999862670898
2024-06-11,0.0027067148552095224,0.012209801286382556,12.850000381469727,4.4039998054504395
2024-06-12,0.008467720241887338,0.015188985024498839,12.039999961853027,4.295000076293945
2024-06-13,0.00234191143711672,0.0006019136680558163,11.9399995803833,4.23799991607666
2024-06-14,-0.00039393828099749413,-0.0004662221381996755,12.65999984741211,4.2129998207092285
2024-06-17,0.007635164372320518,0.011976997456475347,12.75,4.2789998054504395
2024-06-18,0.0025181541815171163,-0.0069256665161602695,12.300000190734863,4.2170000076293945
2024-06-20,-0.0025291273954115403,-0.0035120641664497156,13.279999732971191,4.254000186920166
2024-06-21,-0.0015633517188252497,-0.0007111492925670608,13.199999809265137,4.256999969482422
2024-06-24,-0.0030698791558664423,-0.005404410583943487,13.329999923706055,4.248000144958496
2024-06-25,0.003925873679181344,0.018776407240357236,12.84000015258789,4.23799991607666
2024-06-26,0.0015711962247204525,0.01321636369344121,12.550000190734863,4.315999984741211
2024-06-27,0.0009069098567990731,0.006621750851466586,12.239999771118164,4.288000106811523
2024-06-28,-0.0040920134623695995,-0.017315642404439974,12.4399995803833,4.3429999351501465
2024-07-01,0.0026719909814295235,0.01823804101656423,12.220000267028809,4.479000091552734
2024-07-02,0.0061762057711850496,0.019167792853896116,12.029999732971191,4.435999870300293
2024-07-03,0.0050715622695336636,0.011714556419020453,12.09000015258789,4.355000019073486
2024-07-05,0.00543397436096954,0.026231249715453146,12.479999542236328,4.271999835968018
2024-07-08,0.0010161824764044329,-0.004396716894730846,12.369999885559082,4.269000053405762
2024-07-09,0.0007407974780654752,0.003878959545258223,12.510000228881836,4.300000190734863
2024-07-10,0.010156314878105886,0.011349684929810082,12.850000381469727,4.28000020980835
2024-07-11,-0.008801649969266724,-0.03968368454643182,12.920000076293945,4.192999839782715
2024-07-12,0.00550186402496512,-0.001890917583503987,12.460000038146973,4.189000129699707
2024-07-15,0.0028222164233526843,0.002545485314834138,13.119999885559082,4.229000091552734
2024-07-16,0.0063690499714532745,-0.005532863028130689,13.1899995803833,4.166999816894531
2024-07-17,-0.014025441523645543,-0.03358715946888686,14.479999542236328,4.145999908447266
2024-07-18,-0.007847112145350072,0.0014678299998460362,15.930000305175781,4.189000129699707
2024-07-19,-0.007165879226406085,-0.008520975274832752,16.520000457763672,4.238999843597412
2024-07-22,0.010734217246220293,0.020141143479700994,14.90999984741211,4.260000228881836
2024-07-23,-0.0015593176939461904,0.0011790050748811522,14.720000267028809,4.238999843597412
2024-07-24,-0.02342124222289286,-0.05561818578869941,18.040000915527344,4.285999774932861
2024-07-25,-0.005155889019717259,-0.013028213630404111,18.459999084472656,4.25600004196167
2024-07-26,0.011029420409570924,0.012595535524010083,16.389999389648438,4.199999809265137
2024-07-29,0.0008129795718284517,0.008978992021614018,16.600000381469727,4.177999973297119
2024-07-30,-0.0049725143613676215,-0.013120052344372926,17.690000534057617,4.14300012588501
2024-07-31,0.015669980701917767,0.022517286118436102,16.360000610351562,4.109000205993652
2024-08-01,-0.013788123791990166,-0.004117001418782549,18.59000015258789,3.9760000705718994
2024-08-02,-0.01855290660855327,-0.026627311356138914,23.389999389648438,3.7920000553131104
2024-08-05,-0.0304270413923931,-0.03818201612766132,38.56999969482422,3.7850000858306885
2024-08-06,0.010300849493599515,0.01551750570241197,27.709999084472656,3.888000011444092
2024-08-07,-0.007764715388769489,-0.009456510961472174,27.850000381469727,3.9679999351501465
2024-08-08,0.02278113959089888,0.02767380557248181,23.790000915527344,3.996999979019165
2024-08-09,0.004660798434381699,0.0102657767926778,20.3700008392334,3.941999912261963
2024-08-12,4.30330517200971e-05,0.0004891147449644498,20.709999084472656,3.9089999198913574
2024-08-13,0.016707233419049988,0.02586768668534609,18.1200008392334,3.8519999980926514
2024-08-14,0.00381643656119841,-0.0037277150338914356,16.190000534057617,3.819999933242798
2024-08-15,0.01600448993130413,0.024390349467789278,15.229999542236328,3.9260001182556152
2024-08-16,0.0019878023683961516,-0.003324647464707563,14.800000190734863,3.8919999599456787
2024-08-19,0.009675327436177775,0.01171729373090306,14.649999618530273,3.867000102996826
2024-08-20,-0.001986527237609709,-0.0009773675343750603,15.880000114440918,3.818000078201294
2024-08-21,0.004230714721006796,0.005891712339373074,16.270000457763672,3.7780001163482666
2024-08-22,-0.00897294225665722,-0.01978170566834729,17.549999237060547,3.861999988555908
2024-08-23,0.01141793740166443,0.009699150523121671,15.859999656677246,3.806999921798706
2024-08-26,-0.0031587101696058145,-0.011220332419532072,16.149999618530273,3.818000078201294
2024-08-27,0.0015939251127232035,-0.0036919227325928608,15.430000305175781,3.8329999446868896
2024-08-28,-0.005993900794735212,-0.00951737413818516,17.110000610351562,3.8410000801086426
2024-08-29,-3.937984343658622e-05,0.00016017377789729205,15.649999618530273,3.867000102996826
2024-08-30,0.010042457079144168,0.013173138801947903,15.0,3.9110000133514404
2024-09-03,-0.021377963372397696,-0.0254365676465578,20.719999313354492,3.8440001010894775
2024-09-04,-0.0016038290273809634,0.001094487214737566,21.31999969482422,3.7679998874664307
2024-09-05,-0.003022581014674196,0.012451023216248396,19.899999618530273,3.7309999465942383
2024-09-06,-0.017410944507424406,-0.03414455735615342,22.3799991607666,3.7100000381469727
2024-09-09,0.011513534435818254,0.011294027690700804,19.450000762939453,3.697000026702881
2024-09-10,0.004462699977793541,0.013164652685624086,19.079999923706055,3.6459999084472656
2024-09-11,0.01060855564984334,0.020288878291650228,17.690000534057617,3.6530001163482666
2024-09-12,0.00746735215680267,0.015039097386493951,17.06999969482422,3.680000066757202
2024-09-13,0.0053931422343560355,0.002708734644252513,16.559999465942383,3.6500000953674316
2024-09-16,0.0012558408673102855,-0.0015467112290527421,17.139999389648438,3.621000051498413
2024-09-17,0.00026451509389645083,0.005598109755440189,17.610000610351562,3.6419999599456787
2024-09-18,-0.0029006587083132912,-0.0008418173878598279,18.229999542236328,3.684999942779541
2024-09-19,0.016834356892725128,0.033817951402216107,16.329999923706055,3.740000009536743
2024-09-20,-0.0019429136300157343,-0.003149230313074054,16.149999618530273,3.7279999256134033
2024-09-23,0.0028053344257131223,0.006428514566847328,15.890000343322754,3.739000082015991
2024-09-24,0.002508031103345345,0.0026019971307280716,15.390000343322754,3.7360000610351562
2024-09-25,-0.001862983206212128,0.005186166420570682,15.40999984741211,3.7809998989105225
2024-09-26,0.004030542158199222,-0.0012781189285101162,15.369999885559082,3.7909998893737793
2024-09-27,-0.0012540029000721238,-0.0008727692408963188,16.959999084472656,3.749000072479248
2024-09-30,0.004227603658441509,0.007168240416053096,16.729999542236328,3.802000045776367
2024-10-01,-0.009367848694454447,-0.010316762014378507,19.260000228881836,3.743000030517578
2024-10-02,0.00013838132698647728,-0.0078079792582816795,18.899999618530273,3.7850000858306885
2024-10-03,-0.0016828286544586894,0.0007240612155569688,20.489999771118164,3.8499999046325684
2024-10-04,0.008930255699186382,0.016027899662845554,19.209999084472656,3.9809999465942383
2024-10-07,-0.009632263829388773,-0.019955913291612205,22.639999389648438,4.026000022888184
2024-10-08,0.009642706804694385,0.015222732470599843,21.420000076293945,4.0329999923706055
2024-10-09,0.007088231016994585,0.00023693679961100033,20.860000610351562,4.066999912261963
2024-10-10,-0.0020722685059824846,-0.003657247438633879,20.93000030517578,4.0960001945495605
2024-10-11,0.00603360870729872,-0.005983327933470325,20.459999084472656,4.072999954223633
2024-10-14,0.007678114574594323,0.006254060988061294,19.700000762939453,4.0980000495910645
2024-10-15,-0.0076385660375134215,-0.0037315071022862548,20.639999389648438,4.038000106811523
2024-10-16,0.004668232782779766,-0.004755055155047852,19.579999923706055,4.015999794006348
2024-10-17,-0.00017117512853816633,0.00016352923000768945,19.110000610351562,4.0960001945495605
2024-10-18,0.003963686942774387,0.003445636197232162,18.030000686645508,4.072999954223633
2024-10-21,-0.001824432756419033,0.0028357465272998436,18.3700008392334,4.182000160217285
2024-10-22,-0.0004749666671957937,0.008036936386734674,18.200000762939453,4.203999996185303
2024-10-23,-0.009233824267679564,-0.02162933169581621,19.239999771118164,4.242000102996826
2024-10-24,0.0021434731305568283,0.029564416352872616,19.079999923706055,4.199999809265137
2024-10-25,-0.00029949201318627087,0.0119252551757444,20.329999923706055,4.23199987411499
2024-10-28,0.002647934626732945,-0.00012285406217958,19.799999237060547,4.2779998779296875
2024-10-29,0.0016128259449012198,0.01196101091304555,19.34000015258789,4.27400016784668
2024-10-30,-0.0033056916724881185,-0.0007678658405740123,20.350000381469727,4.265999794006348
2024-10-31,-0.018790134928745348,-0.03956633131405311,23.15999984741211,4.283999919891357
2024-11-01,0.004084158004525459,0.007438233656768741,21.8799991607666,4.361000061035156
2024-11-04,-0.0028160448131902913,-0.00974281555627771,21.979999542236328,4.309000015258789
2024-11-05,0.012191031029563081,0.01691832507257076,20.489999771118164,4.289000034332275
2024-11-06,0.024981280957186654,0.033450748831553495,16.270000457763672,4.426000118255615
2024-11-07,0.007403754173995657,0.023628381595129255,15.199999809265137,4.341000080108643
2024-11-08,0.0037497940357180464,0.00686235743346808,14.9399995803833,4.306000232696533
2024-11-11,0.0009685941909569238,0.007166395197842723,14.970000267028809,4.308000087738037
2024-11-12,-0.0028968514769364996,-0.0037111436645177976,14.710000038146973,4.432000160217285
2024-11-13,0.00023220076414018386,0.0002664808674402914,14.020000457763672,4.451000213623047
2024-11-14,-0.006068108582244,-0.010579161672532481,14.3100004196167,4.418000221252441
2024-11-15,-0.013291430866793769,-0.021777835020159186,16.139999389648438,4.427999973297119
2024-11-18,0.003910159746206537,0.011093246588725427,15.579999923706055,4.414000034332275
2024-11-19,0.003955750520596487,0.014020663651405675,16.350000381469727,4.379000186920166
2024-11-20,2.19506213354446e-05,-0.002912063058526473,17.15999984741211,4.406000137329102
2024-11-21,0.005326251844288491,-0.00918258744070784,16.8700008392334,4.432000160217285
2024-11-22,0.0034619595915364653,0.0029096478229702245,15.239999771118164,4.409999847412109
2024-11-25,0.0030159278201245415,-0.0007007294382707597,14.600000381469727,4.264999866485596
2024-11-26,0.005705697155263866,0.013650066166832536,14.100000381469727,4.302000045776367
2024-11-27,-0.003808481083577712,-0.008840613662423603,14.100000381469727,4.242000102996826
2024-11-29,0.005592120396801623,0.012114555562752843,13.510000228881836,4.177999973297119
2024-12-02,0.0024454638805813736,0.021755334228072985,13.34000015258789,4.196000099182129
2024-12-03,0.0004513472420221813,0.010664625021884143,13.300000190734863,4.2230000495910645
2024-12-04,0.00603318162813612,0.011937221666258593,13.449999809265137,4.179999828338623
2024-12-05,-0.0018715258393823342,0.005819537991313282,13.539999961853027,4.179999828338623
2024-12-06,0.0024923453675383123,0.018780899133293207,12.770000457763672,4.151000022888184
2024-12-09,-0.006163167285227462,-0.0030527102173733243,14.1899995803833,4.198999881744385
2024-12-10,-0.002968284314279252,0.009228150058450993,14.180000305175781,4.2210001945495605
2024-12-11,0.008132626411368235,0.026986602926528196,13.579999923706055,4.270999908447266
2024-12-12,-0.005428731461463251,-0.0057011999357738045,13.920000076293945,4.323999881744385
2024-12-13,-2.646698937187397e-05,-0.00025502974890228517,13.8100004196167,4.39900016784668
2024-12-16,0.0037921550087844295,0.021087485297230823,14.6899995803833,4.396999835968018
2024-12-17,-0.0038714794806554956,0.00554230605808226,15.869999885559082,4.385000228881836
2024-12-18,-0.02993650530451818,-0.04459164063865999,27.6200008392334,4.49399995803833
2024-12-19,-0.0008654867505367934,0.0002229032711914108,24.09000015258789,4.570000171661377
2024-12-20,0.010810479402397299,-0.005407017004126063,18.360000610351562,4.52400016784668
2024-12-23,0.007260849585616372,0.014184697132879034,16.780000686645508,4.598999977111816
2024-12-24,0.010982233165126825,0.023124760974501325,14.270000457763672,4.591000080108643
2024-12-26,-0.0004057410882578191,-0.006763456960154895,14.729999542236328,4.578999996185303
2024-12-27,-0.01111730496491221,-0.01997993767618044,15.949999809265137,4.61899995803833
2024-12-30,-0.010759673941729728,-0.01567070474488968,17.399999618530273,4.545000076293945
